frame_id,timestamp,location_id,person_count,unusual_activity,anomaly_label
F0000,2025-08-01 10:00:00,L2,8,1,1
F0001,2025-08-01 10:01:00,L1,3,1,1
F0002,2025-08-01 10:02:00,L1,3,1,1
F0003,2025-08-01 10:03:00,L1,7,0,0
F0004,2025-08-01 10:04:00,L3,3,1,1
F0005,2025-08-01 10:05:00,L1,3,0,0
F0006,2025-08-01 10:06:00,L3,9,1,1
F0007,2025-08-01 10:07:00,L3,0,0,0
F0008,2025-08-01 10:08:00,L3,9,1,1
F0009,2025-08-01 10:09:00,L3,0,0,0
F0010,2025-08-01 10:10:00,L3,3,0,0
F0011,2025-08-01 10:11:00,L2,2,0,0
F0012,2025-08-01 10:12:00,L2,9,1,1
F0013,2025-08-01 10:13:00,L2,8,1,1
F0014,2025-08-01 10:14:00,L3,2,0,0
F0015,2025-08-01 10:15:00,L2,4,1,1
F0016,2025-08-01 10:16:00,L2,0,0,0
F0017,2025-08-01 10:17:00,L3,7,0,0
F0018,2025-08-01 10:18:00,L2,0,0,0
F0019,2025-08-01 10:19:00,L1,5,0,0
F0020,2025-08-01 10:20:00,L1,4,1,1
F0021,2025-08-01 10:21:00,L2,3,1,1
F0022,2025-08-01 10:22:00,L1,8,1,1
F0023,2025-08-01 10:23:00,L3,7,0,0
F0024,2025-08-01 10:24:00,L3,8,1,1
F0025,2025-08-01 10:25:00,L3,7,1,1
F0026,2025-08-01 10:26:00,L3,1,0,0
F0027,2025-08-01 10:27:00,L1,5,1,1
F0028,2025-08-01 10:28:00,L1,2,0,1
F0029,2025-08-01 10:29:00,L2,2,1,1
F0030,2025-08-01 10:30:00,L3,7,0,0
F0031,2025-08-01 10:31:00,L2,8,1,1
F0032,2025-08-01 10:32:00,L1,6,1,1
F0033,2025-08-01 10:33:00,L1,1,0,0
F0034,2025-08-01 10:34:00,L1,7,0,1
F0035,2025-08-01 10:35:00,L3,4,1,1
F0036,2025-08-01 10:36:00,L1,3,1,1
F0037,2025-08-01 10:37:00,L1,2,1,1
F0038,2025-08-01 10:38:00,L1,2,0,0
F0039,2025-08-01 10:39:00,L2,9,1,1
F0040,2025-08-01 10:40:00,L2,2,0,1
F0041,2025-08-01 10:41:00,L2,7,0,0
F0042,2025-08-01 10:42:00,L3,7,0,0
F0043,2025-08-01 10:43:00,L1,6,0,0
F0044,2025-08-01 10:44:00,L2,2,0,0
F0045,2025-08-01 10:45:00,L1,6,0,0
F0046,2025-08-01 10:46:00,L2,1,0,0
F0047,2025-08-01 10:47:00,L3,1,0,0
F0048,2025-08-01 10:48:00,L2,7,0,1
F0049,2025-08-01 10:49:00,L3,1,0,0
F0050,2025-08-01 10:50:00,L3,3,0,1
F0051,2025-08-01 10:51:00,L3,7,1,1
F0052,2025-08-01 10:52:00,L1,7,0,0
F0053,2025-08-01 10:53:00,L1,9,1,1
F0054,2025-08-01 10:54:00,L1,5,1,1
F0055,2025-08-01 10:55:00,L1,0,1,1
F0056,2025-08-01 10:56:00,L3,8,1,1
F0057,2025-08-01 10:57:00,L1,5,0,0
F0058,2025-08-01 10:58:00,L2,1,0,0
F0059,2025-08-01 10:59:00,L2,7,0,0
F0060,2025-08-01 11:00:00,L1,7,0,0
F0061,2025-08-01 11:01:00,L3,0,0,0
F0062,2025-08-01 11:02:00,L1,9,1,1
F0063,2025-08-01 11:03:00,L3,6,1,1
F0064,2025-08-01 11:04:00,L2,8,1,1
F0065,2025-08-01 11:05:00,L3,7,0,0
F0066,2025-08-01 11:06:00,L2,4,1,1
F0067,2025-08-01 11:07:00,L2,4,1,1
F0068,2025-08-01 11:08:00,L2,0,1,1
F0069,2025-08-01 11:09:00,L1,1,0,0
F0070,2025-08-01 11:10:00,L2,1,0,0
F0071,2025-08-01 11:11:00,L3,2,0,0
F0072,2025-08-01 11:12:00,L3,0,0,0
F0073,2025-08-01 11:13:00,L3,5,1,1
F0074,2025-08-01 11:14:00,L2,5,1,1
F0075,2025-08-01 11:15:00,L3,8,1,1
F0076,2025-08-01 11:16:00,L1,9,1,1
F0077,2025-08-01 11:17:00,L3,5,0,0
F0078,2025-08-01 11:18:00,L2,7,0,0
F0079,2025-08-01 11:19:00,L2,0,1,1
F0080,2025-08-01 11:20:00,L1,3,0,0
F0081,2025-08-01 11:21:00,L2,0,0,0
F0082,2025-08-01 11:22:00,L2,2,0,0
F0083,2025-08-01 11:23:00,L1,6,0,1
F0084,2025-08-01 11:24:00,L3,9,1,1
F0085,2025-08-01 11:25:00,L3,9,1,1
F0086,2025-08-01 11:26:00,L3,2,1,1
F0087,2025-08-01 11:27:00,L3,7,0,0
F0088,2025-08-01 11:28:00,L2,3,1,1
F0089,2025-08-01 11:29:00,L3,6,1,1
F0090,2025-08-01 11:30:00,L3,5,1,1
F0091,2025-08-01 11:31:00,L1,9,1,1
F0092,2025-08-01 11:32:00,L2,7,0,1
F0093,2025-08-01 11:33:00,L1,1,0,0
F0094,2025-08-01 11:34:00,L2,8,1,1
F0095,2025-08-01 11:35:00,L1,0,1,1
F0096,2025-08-01 11:36:00,L3,1,1,1
F0097,2025-08-01 11:37:00,L3,8,1,1
F0098,2025-08-01 11:38:00,L3,3,0,0
F0099,2025-08-01 11:39:00,L3,6,0,0
F0100,2025-08-01 11:40:00,L2,7,0,0
F0101,2025-08-01 11:41:00,L2,7,0,0
F0102,2025-08-01 11:42:00,L2,0,0,0
F0103,2025-08-01 11:43:00,L3,4,0,0
F0104,2025-08-01 11:44:00,L2,5,0,0
F0105,2025-08-01 11:45:00,L2,4,0,0
F0106,2025-08-01 11:46:00,L2,6,0,0
F0107,2025-08-01 11:47:00,L2,0,1,1
F0108,2025-08-01 11:48:00,L1,2,0,1
F0109,2025-08-01 11:49:00,L1,2,0,0
F0110,2025-08-01 11:50:00,L2,4,0,0
F0111,2025-08-01 11:51:00,L3,3,0,0
F0112,2025-08-01 11:52:00,L1,6,0,0
F0113,2025-08-01 11:53:00,L2,4,1,1
F0114,2025-08-01 11:54:00,L1,2,0,0
F0115,2025-08-01 11:55:00,L3,1,1,1
F0116,2025-08-01 11:56:00,L3,0,0,0
F0117,2025-08-01 11:57:00,L3,0,0,0
F0118,2025-08-01 11:58:00,L2,2,0,0
F0119,2025-08-01 11:59:00,L2,4,0,0
F0120,2025-08-01 12:00:00,L2,7,0,0
F0121,2025-08-01 12:01:00,L1,2,0,0
F0122,2025-08-01 12:02:00,L2,2,0,0
F0123,2025-08-01 12:03:00,L1,0,1,1
F0124,2025-08-01 12:04:00,L1,8,1,1
F0125,2025-08-01 12:05:00,L1,2,0,0
F0126,2025-08-01 12:06:00,L2,7,0,0
F0127,2025-08-01 12:07:00,L3,2,0,0
F0128,2025-08-01 12:08:00,L1,2,1,1
F0129,2025-08-01 12:09:00,L1,3,0,0
F0130,2025-08-01 12:10:00,L2,6,0,0
F0131,2025-08-01 12:11:00,L2,3,0,0
F0132,2025-08-01 12:12:00,L3,3,0,0
F0133,2025-08-01 12:13:00,L2,5,0,0
F0134,2025-08-01 12:14:00,L2,5,0,0
F0135,2025-08-01 12:15:00,L2,7,0,0
F0136,2025-08-01 12:16:00,L1,5,0,0
F0137,2025-08-01 12:17:00,L3,5,0,0
F0138,2025-08-01 12:18:00,L2,2,1,1
F0139,2025-08-01 12:19:00,L3,2,1,1
F0140,2025-08-01 12:20:00,L1,1,0,0
F0141,2025-08-01 12:21:00,L1,2,0,0
F0142,2025-08-01 12:22:00,L3,4,1,1
F0143,2025-08-01 12:23:00,L1,6,0,0
F0144,2025-08-01 12:24:00,L1,4,0,0
F0145,2025-08-01 12:25:00,L3,2,0,0
F0146,2025-08-01 12:26:00,L2,1,0,0
F0147,2025-08-01 12:27:00,L2,7,0,0
F0148,2025-08-01 12:28:00,L1,5,0,0
F0149,2025-08-01 12:29:00,L1,5,0,0
F0150,2025-08-01 12:30:00,L2,3,0,0
F0151,2025-08-01 12:31:00,L2,8,1,1
F0152,2025-08-01 12:32:00,L2,2,0,0
F0153,2025-08-01 12:33:00,L2,3,0,0
F0154,2025-08-01 12:34:00,L1,0,0,0
F0155,2025-08-01 12:35:00,L3,2,0,0
F0156,2025-08-01 12:36:00,L1,7,1,1
F0157,2025-08-01 12:37:00,L3,5,0,0
F0158,2025-08-01 12:38:00,L2,6,0,0
F0159,2025-08-01 12:39:00,L3,4,0,0
F0160,2025-08-01 12:40:00,L3,6,1,1
F0161,2025-08-01 12:41:00,L1,9,1,1
F0162,2025-08-01 12:42:00,L2,6,1,1
F0163,2025-08-01 12:43:00,L1,8,1,1
F0164,2025-08-01 12:44:00,L2,4,0,1
F0165,2025-08-01 12:45:00,L2,5,0,0
F0166,2025-08-01 12:46:00,L2,0,1,1
F0167,2025-08-01 12:47:00,L1,9,1,1
F0168,2025-08-01 12:48:00,L1,6,0,0
F0169,2025-08-01 12:49:00,L2,0,1,1
F0170,2025-08-01 12:50:00,L1,7,0,0
F0171,2025-08-01 12:51:00,L3,3,0,0
F0172,2025-08-01 12:52:00,L1,6,1,1
F0173,2025-08-01 12:53:00,L2,7,0,0
F0174,2025-08-01 12:54:00,L2,4,0,0
F0175,2025-08-01 12:55:00,L3,2,0,0
F0176,2025-08-01 12:56:00,L2,3,1,1
F0177,2025-08-01 12:57:00,L3,0,1,1
F0178,2025-08-01 12:58:00,L3,4,0,0
F0179,2025-08-01 12:59:00,L2,6,1,1
F0180,2025-08-01 13:00:00,L2,0,1,1
F0181,2025-08-01 13:01:00,L3,8,1,1
F0182,2025-08-01 13:02:00,L1,3,0,0
F0183,2025-08-01 13:03:00,L3,6,1,1
F0184,2025-08-01 13:04:00,L1,1,1,1
F0185,2025-08-01 13:05:00,L1,2,0,0
F0186,2025-08-01 13:06:00,L2,4,1,1
F0187,2025-08-01 13:07:00,L2,1,1,1
F0188,2025-08-01 13:08:00,L3,4,0,0
F0189,2025-08-01 13:09:00,L1,7,0,0
F0190,2025-08-01 13:10:00,L3,5,0,0
F0191,2025-08-01 13:11:00,L3,1,0,0
F0192,2025-08-01 13:12:00,L1,1,1,1
F0193,2025-08-01 13:13:00,L2,4,0,0
F0194,2025-08-01 13:14:00,L3,5,0,0
F0195,2025-08-01 13:15:00,L2,6,1,1
F0196,2025-08-01 13:16:00,L3,9,1,1
F0197,2025-08-01 13:17:00,L2,7,0,1
F0198,2025-08-01 13:18:00,L1,7,0,0
F0199,2025-08-01 13:19:00,L1,5,1,1
F0200,2025-08-01 13:20:00,L3,6,0,0
F0201,2025-08-01 13:21:00,L3,9,1,1
F0202,2025-08-01 13:22:00,L2,4,1,1
F0203,2025-08-01 13:23:00,L2,6,0,0
F0204,2025-08-01 13:24:00,L3,5,0,0
F0205,2025-08-01 13:25:00,L2,9,1,1
F0206,2025-08-01 13:26:00,L2,9,1,1
F0207,2025-08-01 13:27:00,L2,4,0,0
F0208,2025-08-01 13:28:00,L2,7,0,0
F0209,2025-08-01 13:29:00,L2,5,0,0
F0210,2025-08-01 13:30:00,L2,3,0,0
F0211,2025-08-01 13:31:00,L1,8,1,1
F0212,2025-08-01 13:32:00,L1,0,1,1
F0213,2025-08-01 13:33:00,L2,3,0,0
F0214,2025-08-01 13:34:00,L3,0,0,0
F0215,2025-08-01 13:35:00,L3,3,0,0
F0216,2025-08-01 13:36:00,L3,7,0,0
F0217,2025-08-01 13:37:00,L2,3,0,0
F0218,2025-08-01 13:38:00,L2,0,1,1
F0219,2025-08-01 13:39:00,L2,2,0,1
F0220,2025-08-01 13:40:00,L3,5,0,0
F0221,2025-08-01 13:41:00,L2,3,0,0
F0222,2025-08-01 13:42:00,L2,9,1,1
F0223,2025-08-01 13:43:00,L3,2,0,0
F0224,2025-08-01 13:44:00,L1,1,0,0
F0225,2025-08-01 13:45:00,L2,1,1,1
F0226,2025-08-01 13:46:00,L1,5,0,0
F0227,2025-08-01 13:47:00,L3,0,1,1
F0228,2025-08-01 13:48:00,L3,1,1,1
F0229,2025-08-01 13:49:00,L3,6,1,1
F0230,2025-08-01 13:50:00,L2,5,0,0
F0231,2025-08-01 13:51:00,L3,7,0,0
F0232,2025-08-01 13:52:00,L2,7,0,1
F0233,2025-08-01 13:53:00,L1,3,0,0
F0234,2025-08-01 13:54:00,L1,9,1,1
F0235,2025-08-01 13:55:00,L2,8,1,1
F0236,2025-08-01 13:56:00,L2,4,1,1
F0237,2025-08-01 13:57:00,L2,0,0,0
F0238,2025-08-01 13:58:00,L1,1,0,0
F0239,2025-08-01 13:59:00,L2,9,1,1
F0240,2025-08-01 14:00:00,L3,9,1,1
F0241,2025-08-01 14:01:00,L1,8,1,1
F0242,2025-08-01 14:02:00,L2,2,1,1
F0243,2025-08-01 14:03:00,L1,9,1,1
F0244,2025-08-01 14:04:00,L2,3,1,1
F0245,2025-08-01 14:05:00,L1,5,0,1
F0246,2025-08-01 14:06:00,L2,7,0,0
F0247,2025-08-01 14:07:00,L3,9,1,1
F0248,2025-08-01 14:08:00,L3,7,1,1
F0249,2025-08-01 14:09:00,L1,5,1,1
F0250,2025-08-01 14:10:00,L1,2,0,0
F0251,2025-08-01 14:11:00,L3,5,1,1
F0252,2025-08-01 14:12:00,L1,2,0,0
F0253,2025-08-01 14:13:00,L2,1,0,0
F0254,2025-08-01 14:14:00,L1,6,0,0
F0255,2025-08-01 14:15:00,L2,1,0,0
F0256,2025-08-01 14:16:00,L2,0,1,1
F0257,2025-08-01 14:17:00,L1,7,0,0
F0258,2025-08-01 14:18:00,L3,6,0,0
F0259,2025-08-01 14:19:00,L2,0,0,0
F0260,2025-08-01 14:20:00,L3,3,1,1
F0261,2025-08-01 14:21:00,L1,6,0,0
F0262,2025-08-01 14:22:00,L1,4,1,1
F0263,2025-08-01 14:23:00,L2,8,1,1
F0264,2025-08-01 14:24:00,L2,7,0,1
F0265,2025-08-01 14:25:00,L2,1,1,1
F0266,2025-08-01 14:26:00,L1,1,1,1
F0267,2025-08-01 14:27:00,L3,6,0,0
F0268,2025-08-01 14:28:00,L2,9,1,1
F0269,2025-08-01 14:29:00,L1,2,0,0
F0270,2025-08-01 14:30:00,L2,9,1,1
F0271,2025-08-01 14:31:00,L1,1,0,0
F0272,2025-08-01 14:32:00,L2,5,0,0
F0273,2025-08-01 14:33:00,L1,1,0,0
F0274,2025-08-01 14:34:00,L1,4,0,0
F0275,2025-08-01 14:35:00,L3,7,1,1
F0276,2025-08-01 14:36:00,L2,9,1,1
F0277,2025-08-01 14:37:00,L2,4,0,0
F0278,2025-08-01 14:38:00,L1,9,1,1
F0279,2025-08-01 14:39:00,L3,2,1,1
F0280,2025-08-01 14:40:00,L2,9,1,1
F0281,2025-08-01 14:41:00,L1,9,1,1
F0282,2025-08-01 14:42:00,L1,5,1,1
F0283,2025-08-01 14:43:00,L3,9,1,1
F0284,2025-08-01 14:44:00,L3,6,0,0
F0285,2025-08-01 14:45:00,L3,2,0,0
F0286,2025-08-01 14:46:00,L3,2,0,0
F0287,2025-08-01 14:47:00,L1,7,0,1
F0288,2025-08-01 14:48:00,L1,0,1,1
F0289,2025-08-01 14:49:00,L1,8,1,1
F0290,2025-08-01 14:50:00,L2,8,1,1
F0291,2025-08-01 14:51:00,L3,1,1,1
F0292,2025-08-01 14:52:00,L2,4,1,1
F0293,2025-08-01 14:53:00,L1,0,1,1
F0294,2025-08-01 14:54:00,L1,2,0,0
F0295,2025-08-01 14:55:00,L1,5,0,0
F0296,2025-08-01 14:56:00,L2,6,0,0
F0297,2025-08-01 14:57:00,L3,1,0,0
F0298,2025-08-01 14:58:00,L1,7,0,0
F0299,2025-08-01 14:59:00,L2,7,0,0
F0300,2025-08-01 15:00:00,L3,8,1,1
F0301,2025-08-01 15:01:00,L3,3,0,0
F0302,2025-08-01 15:02:00,L2,5,0,0
F0303,2025-08-01 15:03:00,L3,5,0,0
F0304,2025-08-01 15:04:00,L3,9,1,1
F0305,2025-08-01 15:05:00,L3,5,0,0
F0306,2025-08-01 15:06:00,L1,4,0,0
F0307,2025-08-01 15:07:00,L3,1,1,1
F0308,2025-08-01 15:08:00,L1,6,0,0
F0309,2025-08-01 15:09:00,L2,0,0,0
F0310,2025-08-01 15:10:00,L1,2,0,0
F0311,2025-08-01 15:11:00,L2,4,0,0
F0312,2025-08-01 15:12:00,L1,9,1,1
F0313,2025-08-01 15:13:00,L1,3,0,0
F0314,2025-08-01 15:14:00,L3,7,0,0
F0315,2025-08-01 15:15:00,L2,5,1,1
F0316,2025-08-01 15:16:00,L2,4,0,1
F0317,2025-08-01 15:17:00,L1,3,0,0
F0318,2025-08-01 15:18:00,L2,0,1,1
F0319,2025-08-01 15:19:00,L1,5,0,1
F0320,2025-08-01 15:20:00,L3,5,0,0
F0321,2025-08-01 15:21:00,L2,0,1,1
F0322,2025-08-01 15:22:00,L3,5,0,0
F0323,2025-08-01 15:23:00,L1,8,1,1
F0324,2025-08-01 15:24:00,L2,1,0,0
F0325,2025-08-01 15:25:00,L2,4,0,0
F0326,2025-08-01 15:26:00,L3,1,1,1
F0327,2025-08-01 15:27:00,L1,0,1,1
F0328,2025-08-01 15:28:00,L1,4,0,0
F0329,2025-08-01 15:29:00,L2,2,0,0
F0330,2025-08-01 15:30:00,L1,8,1,1
F0331,2025-08-01 15:31:00,L3,4,0,0
F0332,2025-08-01 15:32:00,L1,5,0,0
F0333,2025-08-01 15:33:00,L2,5,1,1
F0334,2025-08-01 15:34:00,L3,6,0,0
F0335,2025-08-01 15:35:00,L3,7,1,1
F0336,2025-08-01 15:36:00,L1,0,1,1
F0337,2025-08-01 15:37:00,L3,5,1,1
F0338,2025-08-01 15:38:00,L3,6,0,1
F0339,2025-08-01 15:39:00,L2,9,1,1
F0340,2025-08-01 15:40:00,L1,4,0,0
F0341,2025-08-01 15:41:00,L2,0,1,1
F0342,2025-08-01 15:42:00,L1,9,1,1
F0343,2025-08-01 15:43:00,L1,7,0,0
F0344,2025-08-01 15:44:00,L3,5,0,0
F0345,2025-08-01 15:45:00,L3,0,1,1
F0346,2025-08-01 15:46:00,L1,3,1,1
F0347,2025-08-01 15:47:00,L1,8,1,1
F0348,2025-08-01 15:48:00,L2,2,1,1
F0349,2025-08-01 15:49:00,L2,6,0,0
F0350,2025-08-01 15:50:00,L2,8,1,1
F0351,2025-08-01 15:51:00,L3,9,1,1
F0352,2025-08-01 15:52:00,L3,5,1,1
F0353,2025-08-01 15:53:00,L2,6,0,0
F0354,2025-08-01 15:54:00,L3,1,0,1
F0355,2025-08-01 15:55:00,L1,9,1,1
F0356,2025-08-01 15:56:00,L1,3,0,1
F0357,2025-08-01 15:57:00,L1,4,0,0
F0358,2025-08-01 15:58:00,L3,6,1,1
F0359,2025-08-01 15:59:00,L3,4,0,1
F0360,2025-08-01 16:00:00,L3,2,0,0
F0361,2025-08-01 16:01:00,L3,7,0,0
F0362,2025-08-01 16:02:00,L2,0,1,1
F0363,2025-08-01 16:03:00,L3,4,0,0
F0364,2025-08-01 16:04:00,L3,3,0,0
F0365,2025-08-01 16:05:00,L3,5,1,1
F0366,2025-08-01 16:06:00,L3,7,1,1
F0367,2025-08-01 16:07:00,L1,6,0,0
F0368,2025-08-01 16:08:00,L2,3,1,1
F0369,2025-08-01 16:09:00,L1,6,0,0
F0370,2025-08-01 16:10:00,L3,0,1,1
F0371,2025-08-01 16:11:00,L3,4,0,0
F0372,2025-08-01 16:12:00,L1,1,0,0
F0373,2025-08-01 16:13:00,L1,5,1,1
F0374,2025-08-01 16:14:00,L2,9,1,1
F0375,2025-08-01 16:15:00,L1,1,1,1
F0376,2025-08-01 16:16:00,L2,6,0,0
F0377,2025-08-01 16:17:00,L1,4,0,0
F0378,2025-08-01 16:18:00,L3,2,1,1
F0379,2025-08-01 16:19:00,L1,5,0,0
F0380,2025-08-01 16:20:00,L2,3,0,0
F0381,2025-08-01 16:21:00,L1,5,0,1
F0382,2025-08-01 16:22:00,L3,6,1,1
F0383,2025-08-01 16:23:00,L1,3,1,1
F0384,2025-08-01 16:24:00,L2,9,1,1
F0385,2025-08-01 16:25:00,L2,0,0,0
F0386,2025-08-01 16:26:00,L2,6,0,0
F0387,2025-08-01 16:27:00,L3,3,0,0
F0388,2025-08-01 16:28:00,L1,9,1,1
F0389,2025-08-01 16:29:00,L3,8,1,1
F0390,2025-08-01 16:30:00,L3,4,0,0
F0391,2025-08-01 16:31:00,L1,0,0,0
F0392,2025-08-01 16:32:00,L2,3,0,0
F0393,2025-08-01 16:33:00,L3,3,1,1
F0394,2025-08-01 16:34:00,L2,7,0,0
F0395,2025-08-01 16:35:00,L1,4,0,0
F0396,2025-08-01 16:36:00,L1,1,0,0
F0397,2025-08-01 16:37:00,L1,7,0,0
F0398,2025-08-01 16:38:00,L3,2,0,0
F0399,2025-08-01 16:39:00,L2,5,0,0
F0400,2025-08-01 16:40:00,L2,5,0,0
F0401,2025-08-01 16:41:00,L2,4,0,0
F0402,2025-08-01 16:42:00,L2,9,1,1
F0403,2025-08-01 16:43:00,L1,1,0,0
F0404,2025-08-01 16:44:00,L2,1,0,0
F0405,2025-08-01 16:45:00,L2,5,0,0
F0406,2025-08-01 16:46:00,L1,0,1,1
F0407,2025-08-01 16:47:00,L1,5,1,1
F0408,2025-08-01 16:48:00,L1,2,1,1
F0409,2025-08-01 16:49:00,L3,3,0,0
F0410,2025-08-01 16:50:00,L3,1,0,0
F0411,2025-08-01 16:51:00,L2,9,1,1
F0412,2025-08-01 16:52:00,L3,9,1,1
F0413,2025-08-01 16:53:00,L3,7,0,0
F0414,2025-08-01 16:54:00,L2,8,1,1
F0415,2025-08-01 16:55:00,L1,5,0,0
F0416,2025-08-01 16:56:00,L1,4,0,0
F0417,2025-08-01 16:57:00,L3,8,1,1
F0418,2025-08-01 16:58:00,L2,9,1,1
F0419,2025-08-01 16:59:00,L2,9,1,1
F0420,2025-08-01 17:00:00,L1,5,0,0
F0421,2025-08-01 17:01:00,L3,4,0,0
F0422,2025-08-01 17:02:00,L3,8,1,1
F0423,2025-08-01 17:03:00,L2,2,0,0
F0424,2025-08-01 17:04:00,L2,5,0,0
F0425,2025-08-01 17:05:00,L1,2,1,1
F0426,2025-08-01 17:06:00,L1,9,1,1
F0427,2025-08-01 17:07:00,L3,0,0,0
F0428,2025-08-01 17:08:00,L1,5,0,0
F0429,2025-08-01 17:09:00,L3,3,0,1
F0430,2025-08-01 17:10:00,L1,5,0,0
F0431,2025-08-01 17:11:00,L3,4,0,0
F0432,2025-08-01 17:12:00,L1,5,0,0
F0433,2025-08-01 17:13:00,L1,1,0,0
F0434,2025-08-01 17:14:00,L1,9,1,1
F0435,2025-08-01 17:15:00,L3,2,1,1
F0436,2025-08-01 17:16:00,L3,4,1,1
F0437,2025-08-01 17:17:00,L2,3,0,0
F0438,2025-08-01 17:18:00,L2,6,0,0
F0439,2025-08-01 17:19:00,L1,0,0,0
F0440,2025-08-01 17:20:00,L1,7,1,1
F0441,2025-08-01 17:21:00,L2,5,1,1
F0442,2025-08-01 17:22:00,L2,4,0,0
F0443,2025-08-01 17:23:00,L3,1,0,0
F0444,2025-08-01 17:24:00,L1,2,1,1
F0445,2025-08-01 17:25:00,L1,2,0,0
F0446,2025-08-01 17:26:00,L2,5,1,1
F0447,2025-08-01 17:27:00,L3,8,1,1
F0448,2025-08-01 17:28:00,L1,8,1,1
F0449,2025-08-01 17:29:00,L2,2,1,1
F0450,2025-08-01 17:30:00,L3,1,0,0
F0451,2025-08-01 17:31:00,L3,1,1,1
F0452,2025-08-01 17:32:00,L1,8,1,1
F0453,2025-08-01 17:33:00,L3,4,1,1
F0454,2025-08-01 17:34:00,L2,3,1,1
F0455,2025-08-01 17:35:00,L2,7,1,1
F0456,2025-08-01 17:36:00,L1,1,1,1
F0457,2025-08-01 17:37:00,L3,3,0,0
F0458,2025-08-01 17:38:00,L1,6,0,0
F0459,2025-08-01 17:39:00,L2,5,0,0
F0460,2025-08-01 17:40:00,L2,0,0,0
F0461,2025-08-01 17:41:00,L3,2,0,0
F0462,2025-08-01 17:42:00,L2,0,0,0
F0463,2025-08-01 17:43:00,L2,7,0,0
F0464,2025-08-01 17:44:00,L3,9,1,1
F0465,2025-08-01 17:45:00,L2,6,1,1
F0466,2025-08-01 17:46:00,L2,4,0,1
F0467,2025-08-01 17:47:00,L3,8,1,1
F0468,2025-08-01 17:48:00,L2,0,0,0
F0469,2025-08-01 17:49:00,L2,4,1,1
F0470,2025-08-01 17:50:00,L3,1,0,0
F0471,2025-08-01 17:51:00,L2,4,0,0
F0472,2025-08-01 17:52:00,L1,8,1,1
F0473,2025-08-01 17:53:00,L2,1,0,0
F0474,2025-08-01 17:54:00,L3,2,0,0
F0475,2025-08-01 17:55:00,L2,4,1,1
F0476,2025-08-01 17:56:00,L1,4,0,0
F0477,2025-08-01 17:57:00,L1,2,0,0
F0478,2025-08-01 17:58:00,L1,3,1,1
F0479,2025-08-01 17:59:00,L2,2,1,1
F0480,2025-08-01 18:00:00,L3,1,1,1
F0481,2025-08-01 18:01:00,L3,4,0,0
F0482,2025-08-01 18:02:00,L2,2,1,1
F0483,2025-08-01 18:03:00,L2,5,0,0
F0484,2025-08-01 18:04:00,L3,4,0,0
F0485,2025-08-01 18:05:00,L3,4,1,1
F0486,2025-08-01 18:06:00,L2,8,1,1
F0487,2025-08-01 18:07:00,L3,3,1,1
F0488,2025-08-01 18:08:00,L1,8,1,1
F0489,2025-08-01 18:09:00,L2,0,0,0
F0490,2025-08-01 18:10:00,L1,0,0,0
F0491,2025-08-01 18:11:00,L2,3,0,0
F0492,2025-08-01 18:12:00,L3,5,0,0
F0493,2025-08-01 18:13:00,L3,1,0,0
F0494,2025-08-01 18:14:00,L2,8,1,1
F0495,2025-08-01 18:15:00,L2,7,1,1
F0496,2025-08-01 18:16:00,L1,3,0,0
F0497,2025-08-01 18:17:00,L1,5,0,0
F0498,2025-08-01 18:18:00,L1,2,0,0
F0499,2025-08-01 18:19:00,L1,8,1,1
F0500,2025-08-01 18:20:00,L2,0,0,0
F0501,2025-08-01 18:21:00,L2,8,1,1
F0502,2025-08-01 18:22:00,L2,2,0,0
F0503,2025-08-01 18:23:00,L2,3,1,1
F0504,2025-08-01 18:24:00,L1,6,0,0
F0505,2025-08-01 18:25:00,L2,8,1,1
F0506,2025-08-01 18:26:00,L2,5,0,0
F0507,2025-08-01 18:27:00,L3,3,0,0
F0508,2025-08-01 18:28:00,L3,0,1,1
F0509,2025-08-01 18:29:00,L3,3,1,1
F0510,2025-08-01 18:30:00,L1,4,0,0
F0511,2025-08-01 18:31:00,L2,7,0,0
F0512,2025-08-01 18:32:00,L3,3,0,0
F0513,2025-08-01 18:33:00,L2,9,1,1
F0514,2025-08-01 18:34:00,L1,2,0,0
F0515,2025-08-01 18:35:00,L3,4,1,1
F0516,2025-08-01 18:36:00,L3,1,0,0
F0517,2025-08-01 18:37:00,L3,2,1,1
F0518,2025-08-01 18:38:00,L1,4,0,0
F0519,2025-08-01 18:39:00,L1,0,0,0
F0520,2025-08-01 18:40:00,L2,5,0,0
F0521,2025-08-01 18:41:00,L3,8,1,1
F0522,2025-08-01 18:42:00,L3,3,1,1
F0523,2025-08-01 18:43:00,L1,7,0,1
F0524,2025-08-01 18:44:00,L3,6,0,0
F0525,2025-08-01 18:45:00,L3,4,0,0
F0526,2025-08-01 18:46:00,L2,2,0,0
F0527,2025-08-01 18:47:00,L3,7,1,1
F0528,2025-08-01 18:48:00,L2,8,1,1
F0529,2025-08-01 18:49:00,L3,2,1,1
F0530,2025-08-01 18:50:00,L3,5,0,1
F0531,2025-08-01 18:51:00,L3,3,0,0
F0532,2025-08-01 18:52:00,L2,5,0,0
F0533,2025-08-01 18:53:00,L1,5,0,0
F0534,2025-08-01 18:54:00,L2,8,1,1
F0535,2025-08-01 18:55:00,L3,6,1,1
F0536,2025-08-01 18:56:00,L2,2,1,1
F0537,2025-08-01 18:57:00,L1,3,1,1
F0538,2025-08-01 18:58:00,L2,7,1,1
F0539,2025-08-01 18:59:00,L1,7,0,0
F0540,2025-08-01 19:00:00,L2,1,0,0
F0541,2025-08-01 19:01:00,L3,7,0,0
F0542,2025-08-01 19:02:00,L3,2,0,0
F0543,2025-08-01 19:03:00,L1,8,1,1
F0544,2025-08-01 19:04:00,L2,2,0,0
F0545,2025-08-01 19:05:00,L1,1,0,0
F0546,2025-08-01 19:06:00,L1,6,0,0
F0547,2025-08-01 19:07:00,L1,0,1,1
F0548,2025-08-01 19:08:00,L2,4,0,0
F0549,2025-08-01 19:09:00,L3,7,1,1
F0550,2025-08-01 19:10:00,L1,1,1,1
F0551,2025-08-01 19:11:00,L2,4,1,1
F0552,2025-08-01 19:12:00,L1,3,1,1
F0553,2025-08-01 19:13:00,L3,2,0,0
F0554,2025-08-01 19:14:00,L3,6,0,0
F0555,2025-08-01 19:15:00,L1,4,0,0
F0556,2025-08-01 19:16:00,L2,0,1,1
F0557,2025-08-01 19:17:00,L2,8,1,1
F0558,2025-08-01 19:18:00,L3,6,0,0
F0559,2025-08-01 19:19:00,L3,7,0,0
F0560,2025-08-01 19:20:00,L1,8,1,1
F0561,2025-08-01 19:21:00,L3,5,1,1
F0562,2025-08-01 19:22:00,L2,9,1,1
F0563,2025-08-01 19:23:00,L3,4,0,0
F0564,2025-08-01 19:24:00,L2,8,1,1
F0565,2025-08-01 19:25:00,L3,6,0,0
F0566,2025-08-01 19:26:00,L1,7,0,0
F0567,2025-08-01 19:27:00,L3,0,1,1
F0568,2025-08-01 19:28:00,L1,9,1,1
F0569,2025-08-01 19:29:00,L1,5,0,0
F0570,2025-08-01 19:30:00,L2,7,0,0
F0571,2025-08-01 19:31:00,L2,7,1,1
F0572,2025-08-01 19:32:00,L2,1,1,1
F0573,2025-08-01 19:33:00,L3,5,0,0
F0574,2025-08-01 19:34:00,L1,9,1,1
F0575,2025-08-01 19:35:00,L2,8,1,1
F0576,2025-08-01 19:36:00,L1,7,0,0
F0577,2025-08-01 19:37:00,L2,9,1,1
F0578,2025-08-01 19:38:00,L1,1,0,0
F0579,2025-08-01 19:39:00,L3,0,0,0
F0580,2025-08-01 19:40:00,L1,6,1,1
F0581,2025-08-01 19:41:00,L2,9,1,1
F0582,2025-08-01 19:42:00,L1,5,0,0
F0583,2025-08-01 19:43:00,L1,8,1,1
F0584,2025-08-01 19:44:00,L1,3,0,1
F0585,2025-08-01 19:45:00,L2,8,1,1
F0586,2025-08-01 19:46:00,L3,5,0,0
F0587,2025-08-01 19:47:00,L3,4,0,0
F0588,2025-08-01 19:48:00,L1,3,1,1
F0589,2025-08-01 19:49:00,L3,1,1,1
F0590,2025-08-01 19:50:00,L2,3,1,1
F0591,2025-08-01 19:51:00,L1,4,0,0
F0592,2025-08-01 19:52:00,L2,9,1,1
F0593,2025-08-01 19:53:00,L1,5,0,0
F0594,2025-08-01 19:54:00,L3,8,1,1
F0595,2025-08-01 19:55:00,L2,0,0,0
F0596,2025-08-01 19:56:00,L2,3,0,0
F0597,2025-08-01 19:57:00,L1,4,0,0
F0598,2025-08-01 19:58:00,L3,5,1,1
F0599,2025-08-01 19:59:00,L1,6,0,0
F0600,2025-08-01 20:00:00,L3,1,1,1
F0601,2025-08-01 20:01:00,L3,3,0,0
F0602,2025-08-01 20:02:00,L3,5,0,0
F0603,2025-08-01 20:03:00,L2,0,0,0
F0604,2025-08-01 20:04:00,L2,1,0,0
F0605,2025-08-01 20:05:00,L1,8,1,1
F0606,2025-08-01 20:06:00,L1,5,0,0
F0607,2025-08-01 20:07:00,L2,8,1,1
F0608,2025-08-01 20:08:00,L1,9,1,1
F0609,2025-08-01 20:09:00,L1,7,1,1
F0610,2025-08-01 20:10:00,L2,0,0,0
F0611,2025-08-01 20:11:00,L2,4,0,0
F0612,2025-08-01 20:12:00,L1,5,1,1
F0613,2025-08-01 20:13:00,L1,4,0,0
F0614,2025-08-01 20:14:00,L3,3,0,0
F0615,2025-08-01 20:15:00,L3,0,0,0
F0616,2025-08-01 20:16:00,L1,0,0,0
F0617,2025-08-01 20:17:00,L2,4,0,0
F0618,2025-08-01 20:18:00,L1,1,0,0
F0619,2025-08-01 20:19:00,L2,1,1,1
F0620,2025-08-01 20:20:00,L1,0,1,1
F0621,2025-08-01 20:21:00,L3,4,0,0
F0622,2025-08-01 20:22:00,L1,7,0,0
F0623,2025-08-01 20:23:00,L3,6,0,1
F0624,2025-08-01 20:24:00,L1,2,0,0
F0625,2025-08-01 20:25:00,L3,7,0,0
F0626,2025-08-01 20:26:00,L3,7,1,1
F0627,2025-08-01 20:27:00,L3,1,0,0
F0628,2025-08-01 20:28:00,L2,8,1,1
F0629,2025-08-01 20:29:00,L3,3,0,0
F0630,2025-08-01 20:30:00,L2,1,0,1
F0631,2025-08-01 20:31:00,L2,8,1,1
F0632,2025-08-01 20:32:00,L3,7,0,0
F0633,2025-08-01 20:33:00,L3,9,1,1
F0634,2025-08-01 20:34:00,L1,1,0,0
F0635,2025-08-01 20:35:00,L2,8,1,1
F0636,2025-08-01 20:36:00,L3,5,0,0
F0637,2025-08-01 20:37:00,L3,4,1,1
F0638,2025-08-01 20:38:00,L3,6,1,1
F0639,2025-08-01 20:39:00,L2,8,1,1
F0640,2025-08-01 20:40:00,L3,4,0,0
F0641,2025-08-01 20:41:00,L3,0,1,1
F0642,2025-08-01 20:42:00,L3,6,0,0
F0643,2025-08-01 20:43:00,L1,8,1,1
F0644,2025-08-01 20:44:00,L3,3,0,0
F0645,2025-08-01 20:45:00,L1,1,0,0
F0646,2025-08-01 20:46:00,L3,4,0,0
F0647,2025-08-01 20:47:00,L1,0,1,1
F0648,2025-08-01 20:48:00,L1,1,1,1
F0649,2025-08-01 20:49:00,L3,5,0,0
F0650,2025-08-01 20:50:00,L3,9,1,1
F0651,2025-08-01 20:51:00,L2,4,0,0
F0652,2025-08-01 20:52:00,L2,5,0,0
F0653,2025-08-01 20:53:00,L3,9,1,1
F0654,2025-08-01 20:54:00,L2,0,0,0
F0655,2025-08-01 20:55:00,L2,8,1,1
F0656,2025-08-01 20:56:00,L3,7,0,0
F0657,2025-08-01 20:57:00,L1,2,0,0
F0658,2025-08-01 20:58:00,L2,0,1,1
F0659,2025-08-01 20:59:00,L3,1,1,1
F0660,2025-08-01 21:00:00,L3,5,0,0
F0661,2025-08-01 21:01:00,L2,8,1,1
F0662,2025-08-01 21:02:00,L1,1,0,0
F0663,2025-08-01 21:03:00,L3,0,0,0
F0664,2025-08-01 21:04:00,L1,0,1,1
F0665,2025-08-01 21:05:00,L2,2,0,0
F0666,2025-08-01 21:06:00,L1,2,0,0
F0667,2025-08-01 21:07:00,L1,7,0,0
F0668,2025-08-01 21:08:00,L1,2,0,0
F0669,2025-08-01 21:09:00,L1,4,0,0
F0670,2025-08-01 21:10:00,L3,6,1,1
F0671,2025-08-01 21:11:00,L2,7,0,0
F0672,2025-08-01 21:12:00,L3,1,0,0
F0673,2025-08-01 21:13:00,L1,1,0,1
F0674,2025-08-01 21:14:00,L3,5,0,0
F0675,2025-08-01 21:15:00,L3,2,0,0
F0676,2025-08-01 21:16:00,L2,6,0,0
F0677,2025-08-01 21:17:00,L2,7,0,0
F0678,2025-08-01 21:18:00,L1,1,1,1
F0679,2025-08-01 21:19:00,L1,5,0,0
F0680,2025-08-01 21:20:00,L1,9,1,1
F0681,2025-08-01 21:21:00,L2,6,0,0
F0682,2025-08-01 21:22:00,L2,0,0,0
F0683,2025-08-01 21:23:00,L3,1,1,1
F0684,2025-08-01 21:24:00,L3,8,1,1
F0685,2025-08-01 21:25:00,L2,0,1,1
F0686,2025-08-01 21:26:00,L1,2,0,0
F0687,2025-08-01 21:27:00,L3,1,1,1
F0688,2025-08-01 21:28:00,L3,1,1,1
F0689,2025-08-01 21:29:00,L2,3,0,0
F0690,2025-08-01 21:30:00,L3,7,0,0
F0691,2025-08-01 21:31:00,L1,4,0,0
F0692,2025-08-01 21:32:00,L3,6,0,0
F0693,2025-08-01 21:33:00,L1,7,0,0
F0694,2025-08-01 21:34:00,L3,7,0,0
F0695,2025-08-01 21:35:00,L3,1,0,0
F0696,2025-08-01 21:36:00,L3,1,0,0
F0697,2025-08-01 21:37:00,L1,7,1,1
F0698,2025-08-01 21:38:00,L2,8,1,1
F0699,2025-08-01 21:39:00,L3,1,0,1
F0700,2025-08-01 21:40:00,L1,7,0,0
F0701,2025-08-01 21:41:00,L3,4,0,0
F0702,2025-08-01 21:42:00,L2,0,0,0
F0703,2025-08-01 21:43:00,L1,8,1,1
F0704,2025-08-01 21:44:00,L1,6,1,1
F0705,2025-08-01 21:45:00,L1,0,0,0
F0706,2025-08-01 21:46:00,L2,2,0,0
F0707,2025-08-01 21:47:00,L2,4,0,0
F0708,2025-08-01 21:48:00,L1,8,1,1
F0709,2025-08-01 21:49:00,L1,4,0,0
F0710,2025-08-01 21:50:00,L3,2,1,1
F0711,2025-08-01 21:51:00,L2,8,1,1
F0712,2025-08-01 21:52:00,L1,4,1,1
F0713,2025-08-01 21:53:00,L1,3,1,1
F0714,2025-08-01 21:54:00,L1,2,0,0
F0715,2025-08-01 21:55:00,L3,8,1,1
F0716,2025-08-01 21:56:00,L2,1,0,0
F0717,2025-08-01 21:57:00,L3,7,1,1
F0718,2025-08-01 21:58:00,L1,6,0,0
F0719,2025-08-01 21:59:00,L3,6,1,1
F0720,2025-08-01 22:00:00,L2,0,1,1
F0721,2025-08-01 22:01:00,L1,0,0,0
F0722,2025-08-01 22:02:00,L3,8,1,1
F0723,2025-08-01 22:03:00,L3,3,0,0
F0724,2025-08-01 22:04:00,L3,7,0,0
F0725,2025-08-01 22:05:00,L2,5,1,1
F0726,2025-08-01 22:06:00,L1,5,0,0
F0727,2025-08-01 22:07:00,L1,4,0,0
F0728,2025-08-01 22:08:00,L3,8,1,1
F0729,2025-08-01 22:09:00,L3,1,0,0
F0730,2025-08-01 22:10:00,L2,8,1,1
F0731,2025-08-01 22:11:00,L3,7,1,1
F0732,2025-08-01 22:12:00,L3,8,1,1
F0733,2025-08-01 22:13:00,L1,3,0,0
F0734,2025-08-01 22:14:00,L1,5,0,0
F0735,2025-08-01 22:15:00,L3,9,1,1
F0736,2025-08-01 22:16:00,L1,5,1,1
F0737,2025-08-01 22:17:00,L2,3,0,0
F0738,2025-08-01 22:18:00,L2,7,0,0
F0739,2025-08-01 22:19:00,L1,9,1,1
F0740,2025-08-01 22:20:00,L2,8,1,1
F0741,2025-08-01 22:21:00,L3,6,0,0
F0742,2025-08-01 22:22:00,L1,3,0,0
F0743,2025-08-01 22:23:00,L3,3,0,1
F0744,2025-08-01 22:24:00,L3,5,0,0
F0745,2025-08-01 22:25:00,L3,9,1,1
F0746,2025-08-01 22:26:00,L2,9,1,1
F0747,2025-08-01 22:27:00,L3,3,1,1
F0748,2025-08-01 22:28:00,L1,9,1,1
F0749,2025-08-01 22:29:00,L1,5,0,0
F0750,2025-08-01 22:30:00,L2,5,1,1
F0751,2025-08-01 22:31:00,L3,2,0,0
F0752,2025-08-01 22:32:00,L3,4,0,0
F0753,2025-08-01 22:33:00,L3,9,1,1
F0754,2025-08-01 22:34:00,L1,6,1,1
F0755,2025-08-01 22:35:00,L1,4,0,0
F0756,2025-08-01 22:36:00,L3,3,0,0
F0757,2025-08-01 22:37:00,L2,6,1,1
F0758,2025-08-01 22:38:00,L3,9,1,1
F0759,2025-08-01 22:39:00,L2,9,1,1
F0760,2025-08-01 22:40:00,L1,9,1,1
F0761,2025-08-01 22:41:00,L1,2,1,1
F0762,2025-08-01 22:42:00,L2,4,1,1
F0763,2025-08-01 22:43:00,L1,6,1,1
F0764,2025-08-01 22:44:00,L2,7,0,0
F0765,2025-08-01 22:45:00,L3,2,0,0
F0766,2025-08-01 22:46:00,L1,0,0,0
F0767,2025-08-01 22:47:00,L1,9,1,1
F0768,2025-08-01 22:48:00,L2,8,1,1
F0769,2025-08-01 22:49:00,L2,9,1,1
F0770,2025-08-01 22:50:00,L2,9,1,1
F0771,2025-08-01 22:51:00,L3,4,0,0
F0772,2025-08-01 22:52:00,L2,4,0,1
F0773,2025-08-01 22:53:00,L2,1,1,1
F0774,2025-08-01 22:54:00,L2,8,1,1
F0775,2025-08-01 22:55:00,L3,0,0,0
F0776,2025-08-01 22:56:00,L1,8,1,1
F0777,2025-08-01 22:57:00,L2,0,0,0
F0778,2025-08-01 22:58:00,L3,0,0,0
F0779,2025-08-01 22:59:00,L1,0,0,0
F0780,2025-08-01 23:00:00,L3,4,0,0
F0781,2025-08-01 23:01:00,L3,4,0,0
F0782,2025-08-01 23:02:00,L2,2,1,1
F0783,2025-08-01 23:03:00,L1,0,0,0
F0784,2025-08-01 23:04:00,L1,0,1,1
F0785,2025-08-01 23:05:00,L3,8,1,1
F0786,2025-08-01 23:06:00,L1,8,1,1
F0787,2025-08-01 23:07:00,L3,4,0,0
F0788,2025-08-01 23:08:00,L3,9,1,1
F0789,2025-08-01 23:09:00,L2,9,1,1
F0790,2025-08-01 23:10:00,L2,2,0,0
F0791,2025-08-01 23:11:00,L2,4,0,0
F0792,2025-08-01 23:12:00,L2,3,0,0
F0793,2025-08-01 23:13:00,L2,9,1,1
F0794,2025-08-01 23:14:00,L1,4,1,1
F0795,2025-08-01 23:15:00,L2,6,0,0
F0796,2025-08-01 23:16:00,L2,3,1,1
F0797,2025-08-01 23:17:00,L2,5,0,0
F0798,2025-08-01 23:18:00,L1,9,1,1
F0799,2025-08-01 23:19:00,L1,0,0,0
F0800,2025-08-01 23:20:00,L3,0,0,0
F0801,2025-08-01 23:21:00,L3,1,0,0
F0802,2025-08-01 23:22:00,L3,3,0,0
F0803,2025-08-01 23:23:00,L2,5,0,0
F0804,2025-08-01 23:24:00,L2,1,1,1
F0805,2025-08-01 23:25:00,L1,9,1,1
F0806,2025-08-01 23:26:00,L2,2,0,0
F0807,2025-08-01 23:27:00,L1,3,1,1
F0808,2025-08-01 23:28:00,L1,2,0,0
F0809,2025-08-01 23:29:00,L1,1,1,1
F0810,2025-08-01 23:30:00,L3,7,0,0
F0811,2025-08-01 23:31:00,L2,0,0,0
F0812,2025-08-01 23:32:00,L2,3,0,0
F0813,2025-08-01 23:33:00,L3,5,1,1
F0814,2025-08-01 23:34:00,L3,2,0,1
F0815,2025-08-01 23:35:00,L3,4,0,0
F0816,2025-08-01 23:36:00,L1,0,1,1
F0817,2025-08-01 23:37:00,L2,5,1,1
F0818,2025-08-01 23:38:00,L2,9,1,1
F0819,2025-08-01 23:39:00,L3,1,1,1
F0820,2025-08-01 23:40:00,L1,5,0,0
F0821,2025-08-01 23:41:00,L2,5,1,1
F0822,2025-08-01 23:42:00,L3,6,0,0
F0823,2025-08-01 23:43:00,L3,8,1,1
F0824,2025-08-01 23:44:00,L2,0,0,0
F0825,2025-08-01 23:45:00,L3,5,0,0
F0826,2025-08-01 23:46:00,L3,2,0,0
F0827,2025-08-01 23:47:00,L3,7,1,1
F0828,2025-08-01 23:48:00,L3,3,1,1
F0829,2025-08-01 23:49:00,L2,9,1,1
F0830,2025-08-01 23:50:00,L3,3,1,1
F0831,2025-08-01 23:51:00,L1,1,0,0
F0832,2025-08-01 23:52:00,L2,0,0,0
F0833,2025-08-01 23:53:00,L2,0,0,0
F0834,2025-08-01 23:54:00,L1,8,1,1
F0835,2025-08-01 23:55:00,L3,2,0,0
F0836,2025-08-01 23:56:00,L2,0,0,0
F0837,2025-08-01 23:57:00,L3,9,1,1
F0838,2025-08-01 23:58:00,L2,7,0,0
F0839,2025-08-01 23:59:00,L2,1,1,1
F0840,2025-08-02 00:00:00,L1,3,0,0
F0841,2025-08-02 00:01:00,L1,4,1,1
F0842,2025-08-02 00:02:00,L1,8,1,1
F0843,2025-08-02 00:03:00,L1,4,1,1
F0844,2025-08-02 00:04:00,L1,0,1,1
F0845,2025-08-02 00:05:00,L3,4,0,0
F0846,2025-08-02 00:06:00,L1,8,1,1
F0847,2025-08-02 00:07:00,L1,3,0,0
F0848,2025-08-02 00:08:00,L2,4,1,1
F0849,2025-08-02 00:09:00,L2,7,0,0
F0850,2025-08-02 00:10:00,L1,4,1,1
F0851,2025-08-02 00:11:00,L2,7,0,0
F0852,2025-08-02 00:12:00,L1,0,0,0
F0853,2025-08-02 00:13:00,L2,5,0,0
F0854,2025-08-02 00:14:00,L2,5,0,0
F0855,2025-08-02 00:15:00,L2,7,0,0
F0856,2025-08-02 00:16:00,L1,3,0,0
F0857,2025-08-02 00:17:00,L2,8,1,1
F0858,2025-08-02 00:18:00,L3,8,1,1
F0859,2025-08-02 00:19:00,L2,0,0,1
F0860,2025-08-02 00:20:00,L3,5,0,0
F0861,2025-08-02 00:21:00,L3,6,1,1
F0862,2025-08-02 00:22:00,L3,0,0,0
F0863,2025-08-02 00:23:00,L3,1,0,0
F0864,2025-08-02 00:24:00,L2,6,1,1
F0865,2025-08-02 00:25:00,L2,3,0,0
F0866,2025-08-02 00:26:00,L2,1,0,0
F0867,2025-08-02 00:27:00,L3,0,0,0
F0868,2025-08-02 00:28:00,L2,7,1,1
F0869,2025-08-02 00:29:00,L1,7,0,1
F0870,2025-08-02 00:30:00,L1,1,0,1
F0871,2025-08-02 00:31:00,L3,3,0,0
F0872,2025-08-02 00:32:00,L2,3,0,1
F0873,2025-08-02 00:33:00,L2,9,1,1
F0874,2025-08-02 00:34:00,L2,2,0,0
F0875,2025-08-02 00:35:00,L3,9,1,1
F0876,2025-08-02 00:36:00,L3,6,1,1
F0877,2025-08-02 00:37:00,L2,5,0,0
F0878,2025-08-02 00:38:00,L2,8,1,1
F0879,2025-08-02 00:39:00,L3,3,0,1
F0880,2025-08-02 00:40:00,L3,5,0,0
F0881,2025-08-02 00:41:00,L1,6,0,0
F0882,2025-08-02 00:42:00,L2,8,1,1
F0883,2025-08-02 00:43:00,L3,1,0,0
F0884,2025-08-02 00:44:00,L2,2,1,1
F0885,2025-08-02 00:45:00,L3,5,0,0
F0886,2025-08-02 00:46:00,L2,3,0,0
F0887,2025-08-02 00:47:00,L1,8,1,1
F0888,2025-08-02 00:48:00,L3,3,0,0
F0889,2025-08-02 00:49:00,L2,5,0,1
F0890,2025-08-02 00:50:00,L3,8,1,1
F0891,2025-08-02 00:51:00,L2,3,1,1
F0892,2025-08-02 00:52:00,L1,2,1,1
F0893,2025-08-02 00:53:00,L1,6,1,1
F0894,2025-08-02 00:54:00,L1,0,0,0
F0895,2025-08-02 00:55:00,L3,7,0,1
F0896,2025-08-02 00:56:00,L3,2,0,0
F0897,2025-08-02 00:57:00,L3,6,0,0
F0898,2025-08-02 00:58:00,L3,9,1,1
F0899,2025-08-02 00:59:00,L3,7,0,0
F0900,2025-08-02 01:00:00,L2,8,1,1
F0901,2025-08-02 01:01:00,L3,6,1,1
F0902,2025-08-02 01:02:00,L2,0,0,0
F0903,2025-08-02 01:03:00,L2,0,0,0
F0904,2025-08-02 01:04:00,L2,1,0,0
F0905,2025-08-02 01:05:00,L2,2,0,0
F0906,2025-08-02 01:06:00,L1,1,1,1
F0907,2025-08-02 01:07:00,L1,7,0,0
F0908,2025-08-02 01:08:00,L2,8,1,1
F0909,2025-08-02 01:09:00,L1,5,1,1
F0910,2025-08-02 01:10:00,L1,6,0,0
F0911,2025-08-02 01:11:00,L3,3,0,0
F0912,2025-08-02 01:12:00,L3,7,0,0
F0913,2025-08-02 01:13:00,L2,5,0,0
F0914,2025-08-02 01:14:00,L2,9,1,1
F0915,2025-08-02 01:15:00,L1,6,0,0
F0916,2025-08-02 01:16:00,L3,4,1,1
F0917,2025-08-02 01:17:00,L1,1,1,1
F0918,2025-08-02 01:18:00,L3,7,1,1
F0919,2025-08-02 01:19:00,L3,3,1,1
F0920,2025-08-02 01:20:00,L3,3,1,1
F0921,2025-08-02 01:21:00,L3,3,0,0
F0922,2025-08-02 01:22:00,L1,1,1,1
F0923,2025-08-02 01:23:00,L3,8,1,1
F0924,2025-08-02 01:24:00,L1,7,0,1
F0925,2025-08-02 01:25:00,L1,3,1,1
F0926,2025-08-02 01:26:00,L3,4,0,0
F0927,2025-08-02 01:27:00,L1,8,1,1
F0928,2025-08-02 01:28:00,L2,1,0,0
F0929,2025-08-02 01:29:00,L3,2,0,0
F0930,2025-08-02 01:30:00,L1,1,0,0
F0931,2025-08-02 01:31:00,L2,3,0,0
F0932,2025-08-02 01:32:00,L1,4,0,0
F0933,2025-08-02 01:33:00,L1,0,0,0
F0934,2025-08-02 01:34:00,L2,7,0,0
F0935,2025-08-02 01:35:00,L1,5,0,0
F0936,2025-08-02 01:36:00,L2,5,0,0
F0937,2025-08-02 01:37:00,L1,3,0,0
F0938,2025-08-02 01:38:00,L3,3,0,0
F0939,2025-08-02 01:39:00,L3,7,0,1
F0940,2025-08-02 01:40:00,L1,7,0,1
F0941,2025-08-02 01:41:00,L3,5,0,0
F0942,2025-08-02 01:42:00,L3,5,0,0
F0943,2025-08-02 01:43:00,L3,0,1,1
F0944,2025-08-02 01:44:00,L1,3,0,0
F0945,2025-08-02 01:45:00,L2,5,1,1
F0946,2025-08-02 01:46:00,L1,2,0,0
F0947,2025-08-02 01:47:00,L1,5,0,0
F0948,2025-08-02 01:48:00,L3,9,1,1
F0949,2025-08-02 01:49:00,L3,6,0,0
F0950,2025-08-02 01:50:00,L1,4,0,0
F0951,2025-08-02 01:51:00,L2,4,1,1
F0952,2025-08-02 01:52:00,L2,2,0,0
F0953,2025-08-02 01:53:00,L3,8,1,1
F0954,2025-08-02 01:54:00,L1,7,0,0
F0955,2025-08-02 01:55:00,L3,8,1,1
F0956,2025-08-02 01:56:00,L3,9,1,1
F0957,2025-08-02 01:57:00,L3,2,0,1
F0958,2025-08-02 01:58:00,L3,4,1,1
F0959,2025-08-02 01:59:00,L1,9,1,1
F0960,2025-08-02 02:00:00,L1,1,0,0
F0961,2025-08-02 02:01:00,L2,3,0,0
F0962,2025-08-02 02:02:00,L1,6,1,1
F0963,2025-08-02 02:03:00,L2,1,0,0
F0964,2025-08-02 02:04:00,L1,3,0,0
F0965,2025-08-02 02:05:00,L3,3,1,1
F0966,2025-08-02 02:06:00,L3,1,0,0
F0967,2025-08-02 02:07:00,L3,9,1,1
F0968,2025-08-02 02:08:00,L3,4,1,1
F0969,2025-08-02 02:09:00,L1,6,0,0
F0970,2025-08-02 02:10:00,L1,8,1,1
F0971,2025-08-02 02:11:00,L3,7,1,1
F0972,2025-08-02 02:12:00,L3,9,1,1
F0973,2025-08-02 02:13:00,L3,4,0,0
F0974,2025-08-02 02:14:00,L1,0,0,1
F0975,2025-08-02 02:15:00,L2,2,1,1
F0976,2025-08-02 02:16:00,L2,4,0,0
F0977,2025-08-02 02:17:00,L2,4,0,0
F0978,2025-08-02 02:18:00,L2,8,1,1
F0979,2025-08-02 02:19:00,L2,9,1,1
F0980,2025-08-02 02:20:00,L3,5,0,0
F0981,2025-08-02 02:21:00,L1,7,1,1
F0982,2025-08-02 02:22:00,L2,1,0,1
F0983,2025-08-02 02:23:00,L3,7,1,1
F0984,2025-08-02 02:24:00,L3,3,0,0
F0985,2025-08-02 02:25:00,L3,2,0,0
F0986,2025-08-02 02:26:00,L3,6,0,0
F0987,2025-08-02 02:27:00,L3,0,0,0
F0988,2025-08-02 02:28:00,L3,2,0,0
F0989,2025-08-02 02:29:00,L1,1,0,0
F0990,2025-08-02 02:30:00,L3,4,1,1
F0991,2025-08-02 02:31:00,L3,1,0,0
F0992,2025-08-02 02:32:00,L2,2,0,0
F0993,2025-08-02 02:33:00,L1,7,1,1
F0994,2025-08-02 02:34:00,L3,6,1,1
F0995,2025-08-02 02:35:00,L1,6,1,1
F0996,2025-08-02 02:36:00,L3,7,0,0
F0997,2025-08-02 02:37:00,L3,3,1,1
F0998,2025-08-02 02:38:00,L3,8,1,1
F0999,2025-08-02 02:39:00,L3,7,0,0
